,City,Lat,Lng,Max Temp,Humidity,Cloudiness,Wind Speed,Country,Date
0,Doha,25.2867,51.5333,73.4,43,0,9.22,QA,1610196904
1,Mataura,-46.1927,168.8643,54.0,84,56,5.01,NZ,1610196904
2,Saskylakh,71.9167,114.0833,-19.98,86,100,12.21,RU,1610196905
3,Port Elizabeth,-33.918,25.5701,84.2,61,20,12.66,ZA,1610196821
4,Talara,-4.5772,-81.2719,69.8,88,75,14.97,PE,1610196681
5,Punta Arenas,-53.15,-70.9167,50.0,62,75,17.27,CL,1610196906
6,Hobart,-42.8794,147.3294,62.01,77,75,4.61,AU,1610196781
7,Szprotawa,51.5656,15.5366,33.01,80,100,4.0,PL,1610196907
8,Bonavista,48.6499,-53.1147,37.99,100,100,5.75,CA,1610196907
9,Dikson,73.5069,80.5464,-13.27,85,0,6.67,RU,1610196908
10,Kapaa,22.0752,-159.319,66.2,94,1,6.91,US,1610196908
11,Kruisfontein,-34.0033,24.7314,87.01,54,0,8.99,ZA,1610196909
12,Bambari,5.768,20.6757,106.86,15,88,0.67,CF,1610196690
13,Upernavik,72.7868,-56.1549,11.34,79,88,8.99,GL,1610196910
14,Mahébourg,-20.4081,57.7,82.4,83,75,8.05,MU,1610196645
15,Bluff,-46.6,168.3333,54.0,84,87,5.01,NZ,1610196910
16,Puerto Ayora,-0.7393,-90.3518,73.0,94,91,4.0,EC,1610196911
17,Bredasdorp,-34.5322,20.0403,82.4,42,1,19.57,ZA,1610196911
18,Ushuaia,-54.8,-68.3,53.6,47,0,16.11,AR,1610196912
19,Grand Gaube,-20.0064,57.6608,82.99,73,0,8.01,MU,1610196912
20,Darnah,32.767,22.6367,78.06,39,0,6.49,LY,1610196913
21,Yuncheng,35.0231,110.9928,25.02,66,100,6.31,CN,1610196913
22,Humaitá,-7.5061,-63.0208,81.5,79,100,1.74,BR,1610196913
23,Castro,-24.7911,-50.0119,69.58,86,97,8.1,BR,1610196914
24,Yellowknife,62.456,-114.3525,6.8,85,20,6.91,CA,1610196914
25,Busselton,-33.65,115.3333,68.25,82,57,9.98,AU,1610196915
26,Vulcan,45.3833,23.2667,33.58,85,97,1.45,RO,1610196645
27,Qaanaaq,77.484,-69.3632,-0.92,79,71,5.95,GL,1610196916
28,Esperance,-33.8667,121.9,84.2,32,0,14.97,AU,1610196917
29,Ulladulla,-35.35,150.4667,62.6,88,0,3.44,AU,1610196918
30,Mount Gambier,-37.8333,140.7667,59.0,88,55,5.75,AU,1610196804
31,Faanui,-16.4833,-151.75,80.92,71,100,10.49,PF,1610196919
32,Albany,42.6001,-73.9662,19.99,64,100,1.01,US,1610196919
33,Barrow,71.2906,-156.7887,-7.6,77,40,3.44,US,1610196919
34,Nome,64.5011,-165.4064,-0.4,71,90,10.36,US,1610196920
35,Lebu,-37.6167,-73.65,56.88,66,86,2.75,CL,1610196625
36,Khatanga,71.9667,102.5,-24.11,87,98,2.68,RU,1610196921
37,Port Lincoln,-34.7333,135.8667,69.69,66,0,8.16,AU,1610196921
38,Hermanus,-34.4187,19.2345,75.0,70,34,10.0,ZA,1610196922
39,Saint Paul Harbor,57.79,-152.4072,28.4,80,1,10.8,US,1610196922
40,Narrabri,-30.3167,149.7833,71.6,53,40,10.36,AU,1610196923
41,Marfino,55.7028,37.3822,23.0,86,90,8.95,RU,1610196923
42,Zheleznodorozhnyy,55.7503,38.0042,23.0,86,90,6.71,RU,1610196669
43,Coyhaique,-45.5752,-72.0662,53.6,66,75,6.91,CL,1610196624
44,Longyearbyen,78.2186,15.6401,19.4,68,75,6.91,SJ,1610196925
45,Pevek,69.7008,170.3133,-21.98,88,13,2.21,RU,1610196925
46,Rikitea,-23.1203,-134.9692,77.65,74,100,9.01,PF,1610196926
47,Laguna,38.421,-121.4238,41.0,87,1,3.44,US,1610196926
48,Bengkulu,-3.8004,102.2655,77.49,83,100,4.7,ID,1610196927
49,Airai,-8.9266,125.4092,63.66,100,100,1.61,TL,1610196927
50,Acaraú,-2.8856,-40.12,85.77,62,100,16.69,BR,1610196928
51,Vaini,-21.2,-175.2,77.0,94,20,3.44,TO,1610196928
52,Butaritari,3.0707,172.7902,81.68,78,100,22.17,KI,1610196929
53,Flin Flon,54.7682,-101.865,-5.8,84,1,2.3,CA,1610196929
54,Cape Town,-33.9258,18.4232,78.01,57,40,16.11,ZA,1610196727
55,East London,-33.0153,27.9116,87.8,58,0,13.8,ZA,1610196789
56,San Cristobal,7.7669,-72.225,73.4,100,75,2.3,VE,1610196930
57,Bloemfontein,-29.1211,26.214,71.6,73,20,12.66,ZA,1610196931
58,Narsaq,60.9167,-46.05,42.8,36,75,20.71,GL,1610196931
59,Saint-Pierre,-21.3393,55.4781,84.2,70,20,24.16,RE,1610196932
60,Qaqortoq,60.7167,-46.0333,42.8,36,75,20.71,GL,1610196932
61,São João da Barra,-21.6403,-41.0511,82.4,78,40,4.61,BR,1610196933
62,Lavrentiya,65.5833,-171.0,-12.6,83,0,4.23,RU,1610196933
63,Whitianga,-36.8333,175.7,63.0,93,100,1.01,NZ,1610196696
64,Lima,-12.0432,-77.0282,69.8,83,90,5.75,PE,1610196934
65,Pesaro,43.9036,12.8903,42.01,70,75,13.8,IT,1610196934
66,Vila Velha,-20.3297,-40.2925,86.0,70,40,13.8,BR,1610196935
67,Atuona,-9.8,-139.0333,76.89,71,73,19.82,PF,1610196935
68,Jamestown,42.097,-79.2353,19.99,93,1,5.75,US,1610196637
69,Hwange,-18.3693,26.5019,89.15,53,83,1.39,ZW,1610196936
70,Kazachinskoye,57.6953,93.2761,-2.36,91,100,6.76,RU,1610196937
71,Leningradskiy,69.3833,178.4167,-21.06,82,0,3.49,RU,1610196937
72,Hilo,19.7297,-155.09,69.8,73,75,4.61,US,1610196938
73,Tiksi,71.6872,128.8694,-19.55,88,100,10.98,RU,1610196939
74,Oranjemund,-28.55,16.4333,69.51,68,6,18.97,NA,1610196939
75,Erechim,-27.6342,-52.2739,77.0,69,0,9.22,BR,1610196939
76,Geraldton,-28.7667,114.6,77.0,73,100,13.8,AU,1610196940
77,Jalu,29.0331,21.5482,80.55,20,0,1.48,LY,1610196940
78,Saint-Philippe,-21.3585,55.7679,84.2,70,20,24.16,RE,1610196941
79,Santa Fe,-31.6333,-60.7,75.99,63,100,5.01,AR,1610196941
80,Tutóia,-2.7619,-42.2744,86.0,66,20,19.57,BR,1610196942
81,Mar del Plata,-38.0023,-57.5575,73.99,72,0,6.91,AR,1610196943
82,Phek,25.6667,94.5,45.61,97,0,0.87,IN,1610196943
83,Yaan,7.3833,8.5667,99.28,23,0,4.79,NG,1610196943
84,Vangaindrano,-23.35,47.6,82.58,73,37,10.09,MG,1610196682
85,Chui,-33.6971,-53.4616,74.59,51,0,5.12,UY,1610196945
86,Kavaratti,10.5669,72.642,83.08,74,100,6.22,IN,1610196945
87,Pacific Grove,36.6177,-121.9166,48.99,87,1,9.22,US,1610196946
88,Houlton,46.1262,-67.8403,24.8,74,90,8.05,US,1610196946
89,Nanortalik,60.1432,-45.2371,31.5,93,100,8.19,GL,1610196946
90,Ayorou,14.7308,0.9174,98.58,9,0,15.37,NE,1610196947
91,Westport,41.1415,-73.3579,26.01,58,1,11.5,US,1610196947
92,Manono,-7.3,27.4167,79.56,70,91,3.96,CD,1610196948
93,Tuktoyaktuk,69.4541,-133.0374,12.52,92,100,9.71,CA,1610196948
94,Ixtapa,20.7,-105.2,66.0,100,1,2.08,MX,1610196949
95,Puri,19.8,85.85,80.6,54,0,5.75,IN,1610196949
96,Bissau,11.8636,-15.5977,84.2,42,0,13.8,GW,1610196950
97,Vostok,46.4856,135.8833,-19.46,88,100,2.8,RU,1610196950
98,Allen,41.0706,-85.0144,24.8,74,90,3.44,US,1610196863
99,Lagoa,39.05,-27.9833,55.99,60,100,8.16,PT,1610196951
100,Nikolskoye,59.7035,30.7861,12.0,85,20,4.47,RU,1610196951
101,Maningrida,-12.0667,134.2667,82.13,82,100,7.29,AU,1610196952
102,Yenagoa,4.9247,6.2642,88.59,62,43,4.12,NG,1610196952
103,La Ronge,55.1001,-105.2842,-2.2,84,0,3.27,CA,1610196953
104,Baykit,61.67,96.37,-5.53,84,100,2.08,RU,1610196953
105,Shelburne,44.0787,-80.2041,19.99,82,100,7.34,CA,1610196954
106,Sambava,-14.2667,50.1667,82.92,64,33,5.41,MG,1610196954
107,Agustin Codazzi,10.0341,-73.2361,79.07,60,99,1.03,CO,1610196675
108,Monrovia,6.3005,-10.7969,86.0,79,75,3.44,LR,1610196955
109,Talnakh,69.4865,88.3972,-21.62,86,30,1.16,RU,1610196668
110,Salalah,17.0151,54.0924,77.0,44,0,10.36,OM,1610196956
111,Thompson,55.7435,-97.8558,-0.4,85,90,2.98,CA,1610196956
112,Amahai,-3.3333,128.9167,82.99,87,100,1.95,ID,1610196680
113,Port Alfred,-33.5906,26.891,80.01,80,0,1.01,ZA,1610196957
114,Mossamedes,-15.1961,12.1522,72.43,71,100,6.2,AO,1610196957
115,Zhigalovo,54.8097,105.1578,-12.6,84,100,0.11,RU,1610196958
116,Upington,-28.4478,21.2561,98.6,25,40,6.91,ZA,1610196954
117,Kalmunai,7.4167,81.8167,74.48,95,100,6.6,LK,1610196959
118,Hong Kong,22.2855,114.1577,55.0,31,100,10.45,HK,1610196848
119,Odder,55.9731,10.153,34.0,88,70,3.2,DK,1610196960
120,New Norfolk,-42.7826,147.0587,61.0,62,100,2.28,AU,1610196960
121,Kumluca,36.3703,30.2869,62.78,70,100,4.0,TR,1610196961
122,Iqaluit,63.7506,-68.5145,6.8,85,90,11.5,CA,1610196961
123,Nur-Sultan,51.1801,71.446,-4.0,77,0,15.66,KZ,1610196962
124,Avarua,-21.2078,-159.775,78.8,78,40,6.91,CK,1610196962
125,Rio Tuba,8.5061,117.4317,81.01,82,100,13.04,PH,1610196963
126,Dingle,10.9995,122.6711,75.13,90,100,12.5,PH,1610196963
127,Arraial do Cabo,-22.9661,-42.0278,82.4,78,75,4.61,BR,1610196963
128,Egvekinot,66.3167,-179.1667,-19.86,86,74,9.75,RU,1610196964
129,Malatya Province,38.5,38.0,35.6,80,90,1.14,TR,1610196964
130,Bambous Virieux,-20.3428,57.7575,82.99,83,75,8.05,MU,1610196965
131,Ola,59.5833,151.2833,-1.01,84,100,8.9,RU,1610196965
132,Jérémie,18.65,-74.1167,76.95,72,84,1.43,HT,1610196966
133,Cururupu,-1.8283,-44.8683,87.24,58,91,7.78,BR,1610196966
134,Mount Vernon,40.9126,-73.8371,28.4,54,40,10.36,US,1610196967
135,Carnarvon,-24.8667,113.6333,84.2,61,23,26.46,AU,1610196901
136,Kiruna,67.8557,20.2251,8.6,92,90,3.44,SE,1610196778
137,Codrington,-38.2667,141.9667,58.35,82,94,7.09,AU,1610196968
138,Itapecerica,-20.4725,-45.1256,77.14,80,39,3.36,BR,1610196969
139,Ostrovnoy,68.0531,39.5131,7.54,92,88,7.96,RU,1610196969
140,Meiringen,46.7268,8.184,28.4,69,42,20.71,CH,1610196970
141,Aswān,24.0934,32.907,83.12,15,0,10.94,EG,1610196970
142,Ambon City,-3.6954,128.1814,82.99,87,100,2.75,ID,1610196971
143,Ustka,54.5805,16.8619,36.36,93,98,8.12,PL,1610196971
144,Nānākuli,21.3906,-158.1547,69.01,88,1,3.44,US,1610196972
145,Dolzhanskaya,46.6311,37.8039,34.0,53,100,8.01,RU,1610196972
146,Matara,5.9485,80.5353,76.66,87,100,3.65,LK,1610196973
147,Sibu,2.3,111.8167,77.0,100,40,3.44,MY,1610196974
148,Seymchan,62.8833,152.4333,-29.24,83,80,1.39,RU,1610196974
149,Manokwari,-0.8667,134.0833,80.33,79,94,6.42,ID,1610196974
150,Ugoofaaru,5.6667,73.0,82.78,68,100,2.95,MV,1610196975
151,Port Hedland,-20.3167,118.5667,91.4,55,100,11.5,AU,1610196975
152,Caravelas,-17.7125,-39.2481,85.73,60,0,11.43,BR,1610196976
153,Itoman,26.1247,127.6694,53.6,58,75,23.02,JP,1610196952
154,Souillac,-20.5167,57.5167,82.4,83,75,8.05,MU,1610196977
155,Ribeira Grande,38.5167,-28.7,59.0,58,75,9.22,PT,1610196977
156,Vila do Maio,15.1333,-23.2167,77.0,61,75,26.46,CV,1610196977
157,Ballia,25.7557,84.1503,69.6,53,71,8.66,IN,1610196978
158,Cherskiy,68.75,161.3,-28.66,85,56,0.87,RU,1610196978
159,Ban Dung,17.699,103.2596,66.99,58,0,2.89,TH,1610196979
160,Kalakamati,-20.5929,27.3121,87.8,48,75,11.5,BW,1610196980
161,Klamath Falls,42.2249,-121.7817,26.6,93,90,4.61,US,1610196981
162,Yangi Marg`ilon,40.4272,71.7189,26.6,63,0,2.3,UZ,1610196981
163,High Prairie,55.4334,-116.4858,12.2,79,98,12.66,CA,1610196981
164,Cabo San Lucas,22.8909,-109.9124,63.55,60,0,5.37,MX,1610196983
165,Bethel,41.3712,-73.414,21.99,63,1,5.75,US,1610196983
166,Antibes,43.5624,7.1278,51.8,50,75,24.16,FR,1610196984
167,Hithadhoo,-0.6,73.0833,81.66,74,100,10.2,MV,1610196984
168,Pangnirtung,66.1451,-65.7125,8.08,78,100,0.09,CA,1610196984
169,Marystown,47.1666,-55.1483,37.04,86,100,18.37,CA,1610196985
170,Departamento de Maldonado,-34.6667,-54.9167,71.01,77,75,3.44,UY,1610196985
171,Acajutla,13.5928,-89.8275,75.22,68,79,5.75,SV,1610196986
172,Kavieng,-2.5744,150.7967,82.83,75,100,9.55,PG,1610196986
173,Cayenne,4.9333,-52.3333,80.6,89,90,4.61,GF,1610196987
174,Mogadishu,2.0371,45.3438,81.21,60,0,24.74,SO,1610196987
175,Maués,-3.3836,-57.7186,82.99,71,85,2.95,BR,1610196987
176,Paamiut,61.994,-49.6678,33.17,84,100,2.82,GL,1610196988
177,Rio Grande,-32.035,-52.0986,78.8,73,75,2.3,BR,1610196988
178,Saint George,37.1041,-113.5841,26.6,50,1,5.75,US,1610196892
179,Isangel,-19.55,169.2667,79.99,85,100,7.7,VU,1610196989
180,Kampot,10.6167,104.1833,78.8,69,20,4.61,KH,1610196990
181,Broome,42.2506,-75.833,17.01,79,1,12.66,US,1610196990
182,Severo-Kuril'sk,50.6789,156.125,21.45,88,85,11.36,RU,1610196990
183,Chapais,49.7834,-74.8492,10.4,100,90,2.3,CA,1610196991
184,Provideniya,64.3833,-173.3,-7.56,84,0,6.31,RU,1610196991
185,San Patricio,28.017,-97.5169,41.0,87,20,10.36,US,1610196992
186,Grindavik,63.8424,-22.4338,26.6,68,75,9.22,IS,1610196992
187,Chokurdakh,70.6333,147.9167,-23.8,88,100,3.04,RU,1610196992
188,Bukachacha,52.9833,116.9167,-8.59,85,7,3.04,RU,1610196993
189,Eilat,29.5581,34.9482,77.0,22,0,14.97,IL,1610196993
190,Kalabo,-14.97,22.6814,81.14,64,95,5.3,ZM,1610196994
191,Nizwá,22.9333,57.5333,66.88,24,0,5.75,OM,1610196994
192,Henties Bay,-22.116,14.2845,66.85,80,61,7.61,NA,1610196995
193,São Miguel do Araguaia,-13.275,-50.1628,86.25,64,34,4.03,BR,1610196995
194,Sioux Lookout,50.1001,-91.917,21.2,93,90,6.91,CA,1610196995
195,Kumul,42.8,93.45,14.86,85,100,4.76,CN,1610196996
196,Bereda,43.2686,-7.5406,42.01,84,58,14.0,ES,1610196996
197,Marawi,7.9986,124.2928,77.0,90,100,5.99,PH,1610196997
198,Petropavlovsk-Kamchatskiy,53.0452,158.6483,-2.2,84,0,4.47,RU,1610196997
199,Lao Cai,22.4833,103.95,51.06,47,93,0.89,VN,1610196976
200,Norfolk,42.1668,-71.2495,24.8,54,1,4.61,US,1610196998
201,Carupano,10.6678,-63.2585,79.25,79,2,8.1,VE,1610196998
202,Biak,-0.9131,122.8766,78.13,81,65,3.4,ID,1610196999
203,Olinda,-8.0089,-34.8553,82.4,61,20,9.22,BR,1610196999
204,Saldanha,-33.0117,17.9442,77.0,53,0,14.97,ZA,1610197000
205,Mount Isa,-20.7333,139.5,87.8,20,2,10.36,AU,1610197000
206,Qinzhou,21.95,108.6167,46.87,43,99,9.46,CN,1610197001
207,Ust-Maya,60.4167,134.5333,-33.18,83,100,1.66,RU,1610197001
208,George Town,5.4112,100.3354,84.0,74,20,5.75,MY,1610196752
209,Aldergrove,49.058,-122.4709,36.0,93,90,2.3,CA,1610197002
210,Fresno,36.6666,-119.8343,46.4,93,90,4.61,US,1610197003
211,Pudozh,61.8099,36.5345,-10.03,90,0,5.14,RU,1610197003
212,Buala,-8.145,159.5921,81.7,74,89,5.21,SB,1610197003
213,North Bend,43.4065,-124.2243,43.0,93,1,10.36,US,1610197004
214,Kenai,60.5544,-151.2583,30.0,80,75,3.44,US,1610197004
215,Buraidah,26.326,43.975,64.4,88,75,5.75,SA,1610196928
216,Tapes,-30.6733,-51.3958,85.03,47,0,0.76,BR,1610197005
217,Bitung,1.4451,125.1824,77.0,94,20,2.3,ID,1610197005
218,Teahupoo,-17.8333,-149.2667,75.2,78,20,4.61,PF,1610197006
219,Mehamn,71.0357,27.8492,14.9,93,26,14.5,NO,1610197006
220,Lompoc,34.6391,-120.4579,53.01,93,1,8.05,US,1610197007
221,Tabas,33.5959,56.9244,59.0,15,0,5.53,IR,1610197007
222,Ferme-Neuve,46.7001,-75.4493,6.8,85,75,5.95,CA,1610197008
223,Lakes Entrance,-37.8811,147.981,66.0,86,0,3.44,AU,1610197008
224,São Gabriel da Cachoeira,-0.1303,-67.0892,71.6,100,20,2.13,BR,1610197008
225,Husavik,66.0449,-17.3389,23.0,86,90,14.97,IS,1610197009
226,Baruun-Urt,46.6806,113.2792,-2.88,87,0,8.05,MN,1610197009
227,Hamilton,39.1834,-84.5333,30.2,69,90,4.61,US,1610197010
228,Torbay,47.6666,-52.7314,37.0,93,90,21.85,CA,1610197010
229,Venado Tuerto,-33.7456,-61.9688,77.0,38,0,5.01,AR,1610197011
230,Port-Gentil,-0.7193,8.7815,87.8,74,40,11.5,GA,1610197005
231,Muzhi,65.3667,64.6667,-5.91,92,90,5.88,RU,1610197011
232,Griffith,41.5284,-87.4237,28.99,80,90,6.91,US,1610197012
233,Bara,10.3744,10.7288,97.07,10,3,13.0,NG,1610197012
234,Nemuro,43.3236,145.575,21.13,88,0,15.82,JP,1610196966
235,Callaway,30.153,-85.5699,41.0,75,90,8.05,US,1610197014
236,Guerrero Negro,27.9769,-114.0611,55.74,85,0,7.2,MX,1610197014
237,Kalamare,-22.9337,26.5703,86.59,35,100,9.04,BW,1610197014
238,Omsukchan,62.5333,155.8,-20.9,83,87,4.52,RU,1610197015
239,Ucluelet,48.9329,-125.5528,41.0,89,100,1.99,CA,1610197015
240,Villazón,-22.0866,-65.5942,55.35,58,46,2.01,BO,1610197016
241,Lüderitz,-26.6481,15.1594,75.4,52,48,28.9,NA,1610197016
242,Shuyskoye,59.3736,41.0305,4.6,94,100,6.02,RU,1610197018
243,Kafue,-15.7691,28.1814,78.8,61,75,4.61,ZM,1610197018
244,Tombouctou,20.0,-3.0,95.29,9,0,13.04,ML,1610197019
245,Flinders,-34.5833,150.8552,62.6,88,0,3.44,AU,1610197020
246,Kaitangata,-46.2817,169.8464,52.0,80,91,4.0,NZ,1610197020
247,Gornyy,55.1153,83.9059,-7.58,89,100,18.34,RU,1610197021
248,Loukhi,66.0764,33.0381,1.35,94,90,4.63,RU,1610197021
249,Safford,32.834,-109.7076,45.0,37,1,4.61,US,1610197022
250,Wynyard,-41.0,145.7167,61.0,57,83,8.01,AU,1610197022
251,Auki,-8.7676,160.7034,78.46,79,76,4.23,SB,1610197023
252,Ulaangom,49.9811,92.0667,-29.15,83,84,1.77,MN,1610197023
253,Paiçandu,-23.4575,-52.0486,78.89,76,6,4.21,BR,1610197024
254,San Quintín,30.4833,-115.95,54.01,80,0,4.92,MX,1610197024
255,High Rock,26.6208,-78.2833,62.6,59,75,17.27,BS,1610197026
256,Sabang,5.8933,95.3214,81.66,79,100,19.69,ID,1610197026
257,Krasnosel'kup,65.7,82.4667,-14.1,89,89,4.12,RU,1610197027
258,Zhezkazgan,47.8043,67.7144,-8.45,87,98,6.96,KZ,1610197027
259,College,64.8569,-147.8028,-2.2,77,20,4.61,US,1610197028
260,Darhan,49.4867,105.9228,-4.67,84,89,6.38,MN,1610196917
261,Jacareacanga,-6.2222,-57.7528,84.33,65,99,2.53,BR,1610197029
262,Sørland,67.667,12.6934,33.8,64,75,17.27,NO,1610197029
263,Castelo Branco,39.8222,-7.4909,39.0,67,100,4.0,PT,1610196981
264,Bāfq,31.6128,55.4107,48.25,40,0,2.82,IR,1610197030
265,Karasjok,69.4719,25.5112,14.0,73,20,25.32,NO,1610197030
266,Cidreira,-30.1811,-50.2056,82.67,45,0,3.44,BR,1610197031
267,Ürümqi,43.801,87.6005,1.4,78,98,4.47,CN,1610196954
268,Golden,39.7555,-105.2211,28.99,86,90,9.22,US,1610197032
269,Dauphin,51.1494,-100.0502,20.62,86,0,10.96,CA,1610197032
270,San Miguel de Tucumán,-26.8241,-65.2226,66.2,94,90,6.91,AR,1610197032
271,Trincomalee,8.5711,81.2335,76.03,90,100,4.16,LK,1610197033
272,Vágur,61.4732,-6.8119,33.03,91,100,28.97,FO,1610197033
273,Beya,53.0533,90.9139,7.66,82,99,10.83,RU,1610197034
274,Merauke,-8.4667,140.3333,82.65,77,100,3.69,ID,1610197034
275,Roccastrada,43.0099,11.1665,44.6,76,40,10.36,IT,1610197034
276,Tirumullaivāsal,11.2333,79.8333,77.95,86,98,10.78,IN,1610196741
277,Bathsheba,13.2167,-59.5167,80.6,78,40,19.57,BB,1610197035
278,Le Vauclin,14.5452,-60.8388,80.6,78,40,12.66,MQ,1610197036
279,Ponta do Sol,32.6667,-17.1,57.0,70,59,3.0,PT,1610197036
280,Ibanda,-2.7974,32.4746,71.6,78,75,11.5,TZ,1610197037
281,Ancud,-41.8697,-73.8203,57.0,93,20,13.8,CL,1610197037
282,Tapejara,-28.0681,-52.0139,76.28,73,0,7.4,BR,1610197038
283,Le Port,-20.9373,55.2919,84.2,61,75,18.41,RE,1610197039
284,Tambopata,-12.7333,-69.1833,75.88,91,99,2.77,PE,1610197040
285,Halifax,44.6453,-63.5724,26.6,74,12,4.61,CA,1610196964
286,Zhangjiakou,40.81,114.8794,8.62,80,6,9.37,CN,1610197040
287,Jijiga,9.35,42.8,73.96,29,0,12.24,ET,1610197041
288,São Filipe,14.8961,-24.4956,74.37,71,1,13.89,CV,1610197041
289,Agadez,19.75,10.25,87.12,12,0,9.64,NE,1610197042
290,Gazojak,41.1875,61.4036,32.58,77,0,12.26,TM,1610197042
291,Dabakala,8.3667,-4.4333,105.21,24,31,1.19,CI,1610197043
292,Padang,-0.9492,100.3543,78.93,77,100,4.76,ID,1610196928
293,Karratha,-20.7377,116.8463,95.65,35,91,13.13,AU,1610197043
294,Tazovsky,67.4667,78.7,-7.74,92,91,4.7,RU,1610197044
295,Berlevåg,70.8578,29.0864,17.31,93,26,16.49,NO,1610197044
296,Gualaquiza,-3.4,-78.55,66.15,79,60,0.54,EC,1610197045
297,Kaputa,-8.4689,29.6619,76.33,68,100,6.02,ZM,1610197045
298,Mayo,38.8876,-76.5119,30.2,59,1,17.27,US,1610197046
299,Fukuechō,32.6881,128.8419,40.48,71,96,28.07,JP,1610197046
300,Aleksandrov Gay,50.147,48.5704,33.31,94,100,14.34,RU,1610197046
301,Fergus Falls,46.283,-96.0776,15.8,92,90,0.98,US,1610197047
302,Grand-Santi,4.25,-54.3833,81.55,71,51,5.12,GF,1610197048
303,Lerwick,60.1545,-1.1494,46.4,87,75,36.82,GB,1610197049
304,Tura,25.5198,90.2201,64.35,58,40,3.44,IN,1610197049
305,Port Macquarie,-31.4333,152.9167,66.0,96,56,3.04,AU,1610197050
306,Mauá,-23.6678,-46.4614,75.2,78,75,6.46,BR,1610197050
307,Sechura,-5.5569,-80.8222,72.09,74,13,9.15,PE,1610197051
308,Lata,40.1629,-8.3327,46.99,47,100,5.99,PT,1610197051
309,Kieta,-6.2167,155.6333,80.44,71,66,2.04,PG,1610197052
310,Khalkhāl,37.6189,48.5258,30.36,74,100,4.99,IR,1610197052
311,Laas,46.6166,10.7002,28.4,53,0,8.05,IT,1610196754
312,Gravdal,68.1214,13.5031,33.8,64,75,17.27,NO,1610197053
313,Ahipara,-35.1667,173.1667,62.76,92,7,6.04,NZ,1610197053
314,Palmer,42.1584,-72.3287,25.0,58,20,11.5,US,1610197054
315,Albanel,48.8832,-72.4487,14.0,67,29,9.22,CA,1610197054
316,Bowen,-20.0167,148.2333,77.0,83,75,12.66,AU,1610197054
317,Roura,4.7263,-52.3274,80.6,89,90,4.61,GF,1610197055
318,Warin Chamrap,15.1932,104.8628,69.8,60,0,9.22,TH,1610197056
319,Margate,51.3813,1.3862,39.0,90,21,3.0,GB,1610197057
320,Ronneby,56.21,15.276,35.6,93,75,5.75,SE,1610197057
321,Lhokseumawe,5.1801,97.1507,79.0,82,100,4.94,ID,1610197058
322,Poddor'ye,57.4695,31.1156,14.29,95,100,5.91,RU,1610197058
323,Oddur,4.1213,43.8894,89.26,21,0,17.45,SO,1610197058
324,Roncesvalles,4.0108,-75.6049,54.97,86,79,2.08,CO,1610197059
325,Labuhan,-6.8844,112.2051,79.34,81,100,9.22,ID,1610197059
326,Santa Cruz de la Sierra,-17.8,-63.1667,80.6,74,40,14.97,BO,1610197060
327,Galle,6.0367,80.217,77.61,85,100,3.06,LK,1610196903
328,Tuatapere,-46.1333,167.6833,54.0,84,90,5.01,NZ,1610197060
329,Město Albrechtice,50.1629,17.5748,32.0,94,44,0.27,CZ,1610197061
330,Kaniama,-7.5667,24.1833,73.74,77,100,5.46,CD,1610197061
331,Alice Springs,-23.7,133.8833,80.6,26,0,8.05,AU,1610197062
332,Isaszeg,47.5301,19.4021,39.99,100,90,2.3,HU,1610197062
333,Alofi,-19.0595,-169.9187,78.8,89,55,9.22,NU,1610197063
334,Saint-Augustin,51.226,-58.6502,33.57,91,100,15.39,CA,1610197063
335,Dombarovskiy,50.7587,59.5386,17.98,96,100,16.82,RU,1610197064
336,Levice,48.2156,18.6071,37.0,89,38,1.01,SK,1610197064
337,South Lake Tahoe,38.9332,-119.9844,27.0,93,1,3.44,US,1610197064
338,Aras,42.5617,-2.356,32.0,93,75,9.22,ES,1610197065
339,Lufkin,31.3382,-94.7291,30.2,100,1,3.42,US,1610197066
340,Nishihara,26.1842,127.7558,53.6,40,90,17.27,JP,1610196942
341,Verāval,20.9,70.3667,78.93,54,0,8.55,IN,1610197066
342,Teya,60.3778,92.6267,-9.42,86,100,8.61,RU,1610197067
343,Poum,-20.2333,164.0167,83.23,79,90,11.05,NC,1610197067
344,Adrar,20.5022,-10.0711,74.66,41,26,13.91,MR,1610196959
345,Sumter,28.7086,-82.0831,45.0,80,1,1.99,US,1610197068
346,Tabat,-2.635,115.2274,76.26,93,100,2.04,ID,1610197069
347,Herat Province,34.5,62.0,48.2,25,0,2.3,AF,1610197069
348,Yulara,-25.2406,130.9889,89.6,15,17,9.22,AU,1610197069
349,Maceió,-9.6658,-35.7353,86.0,58,40,1.14,BR,1610196794
350,Boyabat,41.4689,34.7667,57.99,53,100,2.71,TR,1610197070
351,Maţāy,28.419,30.7792,79.0,18,0,15.19,EG,1610197071
352,Pangai,-19.8,-174.35,80.6,100,40,10.36,TO,1610197071
353,Kimbe,-5.5502,150.1429,78.75,81,57,1.5,PG,1610197072
354,Hegang,47.4,130.3667,-8.14,85,98,7.2,CN,1610197072
355,Belyy Yar,53.6039,91.3903,-14.8,84,93,0.94,RU,1610197072
356,Trairi,-3.2778,-39.2689,86.49,58,100,14.18,BR,1610197073
357,Igarka,67.4667,86.5833,-11.99,89,94,5.1,RU,1610197073
358,Lorengau,-2.0226,147.2712,82.63,70,99,5.21,PG,1610197074
359,Hasaki,35.7333,140.8333,26.6,63,20,3.44,JP,1610196963
360,Autazes,-3.5797,-59.1306,81.37,77,91,3.71,BR,1610197075
361,Nelson Bay,-32.7167,152.15,64.4,94,40,7.76,AU,1610197075
362,Sungai Raya,0.7,108.9,79.57,87,100,3.89,ID,1610197075
363,Norman Wells,65.282,-126.8329,10.4,85,75,2.3,CA,1610197076
364,Tarnogskiy Gorodok,60.4997,43.5761,-0.89,93,95,4.18,RU,1610197076
365,Launceston,-41.45,147.1667,60.01,77,77,6.91,AU,1610196786
366,Kiryat Gat,31.61,34.7642,75.99,50,0,6.76,IL,1610197077
367,Marsá Maţrūḩ,31.3525,27.2453,68.0,60,0,4.61,EG,1610197078
368,Chu,43.5983,73.7614,10.36,88,71,3.31,KZ,1610197079
369,Sinnamary,5.3833,-52.95,81.16,81,57,14.2,GF,1610197079
370,Florence,43.7667,11.25,44.6,57,40,9.22,IT,1610197080
371,Sorong,-0.8833,131.25,82.11,79,100,9.64,ID,1610197080
372,Vao,-22.6667,167.4833,77.92,89,100,18.84,NC,1610197081
373,Alta Floresta,-9.8756,-56.0861,83.34,73,68,1.61,BR,1610197082
374,Vila,42.0304,-8.1588,37.0,71,31,15.01,PT,1610197082
375,Inzer,54.2167,57.5556,19.54,95,99,3.29,RU,1610197083
376,Gemeente Zevenaar,51.9167,6.0667,39.99,95,96,4.94,NL,1610197083
377,Taltal,-25.4,-70.4833,68.47,64,31,4.41,CL,1610197085
378,Clyde River,70.4692,-68.5914,-2.2,84,90,2.3,CA,1610197085
379,Aykino,62.2248,49.9922,5.68,95,90,6.31,RU,1610197085
380,Coelho Neto,-4.2567,-43.0128,88.11,53,100,4.21,BR,1610197086
381,Beloha,-25.1667,45.05,89.53,48,8,14.07,MG,1610197086
382,Issenye,-2.0,34.3333,72.16,81,100,6.06,TZ,1610197087
383,Boa Vista,2.8197,-60.6733,73.4,88,75,2.3,BR,1610197087
384,Yerbogachën,61.2767,108.0108,-13.61,87,93,5.53,RU,1610197088
385,Koslan,63.4564,48.8989,-0.04,92,96,6.6,RU,1610197089
386,Port Hardy,50.6996,-127.4199,44.6,87,40,25.32,CA,1610197089
387,Coquimbo,-29.9533,-71.3436,57.2,94,90,8.05,CL,1610197090
388,Kilindoni,-7.9139,39.6668,83.32,77,16,19.3,TZ,1610197090
389,Mae Hong Son,19.3003,97.9685,80.6,61,20,3.44,TH,1610197090
390,Deputatsky,69.3,139.9,-20.47,89,98,2.04,RU,1610197091
391,Mollendo,-17.0231,-72.0147,72.37,73,90,9.33,PE,1610197091
392,Xining,36.6167,101.7667,14.65,74,2,3.15,CN,1610196931
393,Fortuna,40.5982,-124.1573,39.99,100,1,11.5,US,1610197092
394,Shache,38.4167,77.2406,21.25,81,0,6.08,CN,1610197093
395,Goundi,9.3627,17.366,99.57,9,100,5.48,TD,1610197093
396,Aklavik,68.2191,-135.0107,12.2,85,100,5.75,CA,1610197093
397,Vardø,70.3705,31.1107,19.4,79,75,13.8,NO,1610197094
398,Winneba,5.3511,-0.6231,87.8,62,20,10.36,GH,1610197094
399,Wamba,8.9333,8.6,98.02,9,0,8.93,NG,1610197095
400,Oktyabr'skiy,54.4815,53.471,14.95,96,100,3.29,RU,1610197095
401,Taos,36.4072,-105.5731,27.0,73,90,5.75,US,1610197096
402,Tezu,27.9167,96.1667,64.89,41,13,3.76,IN,1610197096
403,Nuuk,64.1835,-51.7216,24.8,58,20,1.14,GL,1610197097
404,Sur,22.5667,59.5289,66.65,40,0,19.84,OM,1610197097
405,Garoowe,8.4054,48.4845,81.7,35,0,18.95,SO,1610197097
406,Wu’an,31.6836,112.0044,34.83,64,100,0.96,CN,1610197098
407,Lagos,6.5833,3.75,90.88,51,9,5.75,NG,1610196802
408,Kiunga,-6.1219,141.2906,75.11,98,100,3.18,PG,1610197099
409,Guiratinga,-16.3494,-53.7583,86.04,63,19,0.83,BR,1610197100
410,Port Blair,11.6667,92.75,81.03,80,0,11.61,IN,1610197100
411,Arlit,18.7369,7.3853,94.37,9,0,4.05,NE,1610197100
412,Klaksvík,62.2266,-6.589,28.4,64,75,24.16,FO,1610197101
413,Tabuk,17.4189,121.4443,65.59,85,86,9.37,PH,1610197102
414,Darasun,51.6667,114.0,8.6,56,0,2.24,RU,1610197102
415,Dunn,44.95,-91.8835,15.01,92,90,4.61,US,1610197103
416,George,-33.963,22.4617,78.8,65,40,13.8,ZA,1610197103
417,Ca Mau,9.1769,105.15,74.57,80,30,6.15,VN,1610196891
418,Wanning,18.8003,110.3967,57.92,77,94,12.88,CN,1610197104
419,Rawson,-43.3002,-65.1023,69.64,25,0,7.07,AR,1610197104
420,Poopó,-18.3667,-66.9667,44.6,76,75,4.72,BO,1610197105
421,Valdivia,-39.8142,-73.2459,53.6,87,75,5.75,CL,1610197106
422,Aguçadoura,41.4318,-8.7804,45.0,49,0,10.36,PT,1610197106
423,Kortkeros,61.8106,51.5806,14.0,92,90,6.71,RU,1610197106
424,Kozhva,65.1073,57.0459,-9.42,91,93,3.96,RU,1610197107
425,Pangkalanbuun,-2.6833,111.6167,76.26,93,100,1.99,ID,1610197107
426,Solnechnyy,50.7214,136.6319,-18.18,83,62,2.59,RU,1610197108
427,Constitución,-35.3333,-72.4167,60.58,57,0,9.6,CL,1610197108
428,Qasigiannguit,68.8193,-51.1922,17.6,41,75,20.71,GL,1610197109
429,Moroto,2.5345,34.6666,84.7,24,100,8.7,UG,1610197109
430,Khorixas,-20.3667,14.9667,80.98,50,100,16.37,NA,1610197110
431,Rodolfo Sánchez Taboada,31.7167,-116.5667,51.84,69,0,3.36,MX,1610197110
432,Puerto Madryn,-42.7692,-65.0385,70.65,25,0,5.99,AR,1610197111
433,Butembo,0.15,29.2833,66.22,80,79,3.91,CD,1610197111
434,San Antonio,29.4241,-98.4936,37.99,86,1,6.17,US,1610196942
435,Sardārshahr,28.4333,74.4833,65.77,35,49,5.19,IN,1610197113
436,Wuwei,37.9281,102.6414,15.01,35,100,2.19,CN,1610196906
437,Lebyazh'ye,55.2689,66.4947,9.0,95,100,12.1,RU,1610197114
438,Tazmalt,36.3868,4.3989,68.58,42,14,14.14,DZ,1610197114
439,Gebze,40.8028,29.4307,50.0,93,75,12.66,TR,1610197115
440,Morehead,37.2711,-87.1764,32.0,59,90,4.61,US,1610197115
441,Langen,49.9933,8.6728,37.4,60,75,8.05,DE,1610197115
442,Boende,-0.2167,20.8667,89.31,50,100,3.38,CD,1610197116
443,Mnogovershinnyy,53.9353,139.9242,-21.42,88,93,3.51,RU,1610197116
444,Vanimo,-2.6741,141.3028,79.61,79,100,1.72,PG,1610197117
445,Hualmay,-11.0964,-77.6139,71.17,81,74,5.68,PE,1610197117
446,Namatanai,-3.6667,152.4333,80.2,79,100,7.67,PG,1610197118
447,Vilyuysk,63.7553,121.6247,-23.93,86,100,4.65,RU,1610197118
448,Pindobaçu,-10.7417,-40.3608,87.42,47,99,5.23,BR,1610197119
449,Belawan,3.7755,98.6832,80.6,94,40,5.75,ID,1610197119
450,Bar Harbor,44.3876,-68.2039,25.0,86,1,10.87,US,1610197119
451,Dawei,14.0833,98.2,75.4,59,0,5.35,MM,1610197120
452,Quepos,9.4236,-84.1652,69.8,82,40,9.22,CR,1610197120
453,Ossora,59.2353,163.0719,8.73,88,100,12.53,RU,1610197121
454,Batouri,4.4333,14.3667,100.42,13,66,3.29,CM,1610197121
455,Ciamis,-7.3257,108.3534,76.77,89,100,1.63,ID,1610197122
456,Esna,25.2934,32.554,80.6,22,0,3.44,EG,1610197122
457,San Jose,37.3394,-121.895,46.0,87,1,2.55,US,1610197122
458,Colônia Leopoldina,-8.9089,-35.725,86.0,58,40,1.14,BR,1610197123
459,Kaoma,-14.7833,24.8,78.55,70,100,5.1,ZM,1610197124
460,Kaihua,23.3687,104.28,40.14,71,65,6.38,CN,1610196987
461,Antofagasta,-23.65,-70.4,75.0,88,40,2.3,CL,1610197125
462,Natitingou,10.3042,1.3796,89.6,33,0,4.61,BJ,1610197125
463,Swan Hill,-35.3378,143.5544,78.66,27,0,6.11,AU,1610197126
464,Hervey Bay,-25.2986,152.8535,71.01,90,100,4.0,AU,1610197126
465,Ayia Anna,34.9399,33.4843,69.8,56,0,6.91,CY,1610197127
466,Korla,41.7597,86.1469,16.18,89,7,3.06,CN,1610197063
467,Porbandar,21.6422,69.6093,72.16,46,0,15.84,IN,1610197128
468,Camaná,-16.6228,-72.7111,72.91,73,100,8.61,PE,1610197129
469,Kisangani,0.5167,25.2,90.01,44,87,3.6,CD,1610197130
470,Ha Tinh,18.3333,105.9,53.64,78,100,4.16,VN,1610197130
471,Saint-Louis,16.3333,-15.0,78.8,47,0,4.61,SN,1610197130
472,Onguday,50.75,86.15,0.05,76,15,2.08,RU,1610197131
473,Christchurch,-43.5333,172.6333,59.0,88,75,5.75,NZ,1610197131
474,Palamós,41.8484,3.1291,39.2,87,90,14.97,ES,1610197132
475,Tres Arroyos,-38.3739,-60.2798,70.61,53,0,18.21,AR,1610197133
476,Terrace Bay,48.7834,-87.1,19.4,93,100,4.61,CA,1610197133
477,Dunedin,-45.8742,170.5036,54.0,84,72,3.0,NZ,1610197134
478,Pizhanka,57.4604,48.542,8.91,96,31,8.23,RU,1610197134
479,Harrison,30.4091,-89.0436,35.6,69,1,3.44,US,1610197135
480,San Juan,-31.5375,-68.5364,75.63,44,0,7.58,AR,1610197135
481,Lashio,22.9333,97.75,63.16,79,0,2.15,MM,1610197136
482,Singkang,2.1006,102.7994,77.0,88,20,3.44,MY,1610197136
483,Purpe,64.4803,76.6897,-18.99,78,80,5.61,RU,1610197136
484,Purranque,-40.9167,-73.1667,55.4,71,90,6.91,CL,1610197137
485,Koson,39.0375,65.585,35.6,55,0,2.3,UZ,1610197137
486,Arrondissement de Riom,45.9167,2.9167,30.2,80,90,3.44,FR,1610197138
487,Ampanihy,-24.7,44.75,92.43,42,30,14.34,MG,1610197138
488,Tiarei,-17.5333,-149.3333,75.2,78,20,4.61,PF,1610197139
489,Rionero in Vulture,40.9257,15.67,48.99,86,90,9.22,IT,1610197139
490,Lappeenranta,61.0587,28.1887,17.01,84,86,4.14,FI,1610197139
491,Haines Junction,60.7522,-137.5108,30.2,64,100,10.36,CA,1610197140
492,Korfovskiy,48.2183,135.0564,-14.8,70,20,6.71,RU,1610197141
493,Sarankhola,22.3082,89.7897,71.91,44,37,2.66,BD,1610197141
494,Goma,-1.6792,29.2228,67.51,76,100,3.8,CD,1610197142
495,Pithāpuram,17.1167,82.2667,80.6,57,0,5.75,IN,1610197142
496,Kvarkeno,52.0833,59.725,22.69,97,100,15.23,RU,1610197143
497,Tasiilaq,65.6145,-37.6368,14.0,52,20,5.75,GL,1610197143
498,Makkah al Mukarramah,21.4267,39.8261,83.68,36,75,11.95,SA,1610197144
499,Liwale,-9.7667,37.9333,82.65,75,100,2.55,TZ,1610197144
500,Richards Bay,-28.783,32.0377,86.43,52,0,15.08,ZA,1610197145
501,Hokitika,-42.7167,170.9667,57.29,86,100,7.43,NZ,1610197145
502,Olafsvik,64.8945,-23.7142,24.64,90,93,4.34,IS,1610197146
503,Petatlán,17.5167,-101.2667,70.7,73,0,3.18,MX,1610197146
504,Oodweyne,9.4092,45.064,73.85,35,0,18.59,SO,1610197146
505,Tessalit,20.1986,1.0114,95.74,9,0,12.82,ML,1610197147
506,Syracuse,37.0881,15.2792,60.8,94,75,6.91,IT,1610197147
507,Itarema,-2.9248,-39.9167,85.66,62,100,16.26,BR,1610197148
508,Novoagansk,61.9449,76.6625,-15.0,89,83,4.36,RU,1610197148
509,Esim,4.8699,-2.2405,83.28,72,100,8.93,GH,1610197149
510,Presidencia Roque Sáenz Peña,-26.7852,-60.4388,88.0,59,0,5.01,AR,1610197149
511,Sitka,57.0531,-135.33,41.0,75,90,16.11,US,1610197150
512,Te Anau,-45.4167,167.7167,46.83,87,15,1.68,NZ,1610197150
513,Osoyoos,49.0331,-119.4524,33.8,100,100,0.85,CA,1610197151
514,Moroni,-11.7022,43.2551,82.49,77,6,11.92,KM,1610197151
515,Culebra,18.303,-65.301,75.2,83,90,8.05,PR,1610197151
516,Cabedelo,-6.9811,-34.8339,84.2,70,75,9.22,BR,1610197152
517,Hohhot,40.8106,111.6522,10.4,52,0,6.71,CN,1610197152
518,Asău,46.4333,26.4,39.99,87,75,2.3,RO,1610197153
519,Acapulco de Juárez,16.8634,-99.8901,73.44,74,11,4.83,MX,1610197153
520,Bodaybo,57.8506,114.1933,-5.89,83,100,3.31,RU,1610197153
521,São Félix do Xingu,-6.6447,-51.995,80.64,73,100,4.23,BR,1610197154
522,Balyqshy,47.0667,51.8667,28.4,69,95,17.9,KZ,1610197154
523,Seminole,28.7086,-81.2081,48.2,66,90,12.66,US,1610197155
524,Kununurra,-15.7667,128.7333,86.0,74,0,10.36,AU,1610197155
525,Talcahuano,-36.7167,-73.1167,57.2,67,0,2.3,CL,1610197156
526,Cervo,43.6702,-7.4101,48.0,70,91,4.0,ES,1610197156
527,Naze,28.3667,129.4833,49.03,77,40,18.95,JP,1610196886
528,‘Āhuimanu,21.4447,-157.8378,71.6,83,40,3.06,US,1610197157
529,Cockburn Town,21.4612,-71.1419,78.73,75,19,5.17,TC,1610197157
530,Costineşti,43.95,28.6333,39.2,81,20,8.05,RO,1610197158
531,Avera,33.194,-82.5271,33.8,97,40,3.44,US,1610197158
532,Dhārchula,29.85,80.5333,55.2,32,26,7.31,IN,1610197159
533,Sibolga,1.7427,98.7792,77.58,83,100,2.28,ID,1610197159
534,Manoel Urbano,-8.8389,-69.2597,79.61,72,96,3.11,BR,1610197160
535,Sīrjān,29.452,55.6814,45.23,44,62,8.66,IR,1610197160
536,Talas,38.6908,35.5538,57.2,41,75,1.14,TR,1610197160
537,New Milford,40.9327,-74.0179,24.8,68,1,6.91,US,1610197161
538,Vodnyy,63.5046,53.4095,-4.99,91,68,4.21,RU,1610197161
539,Akureyri,65.6835,-18.0878,23.0,86,90,14.97,IS,1610197162
540,Katsuura,35.1333,140.3,42.8,42,40,18.41,JP,1610196916
541,Havøysund,70.9963,24.6622,21.2,68,0,17.27,NO,1610197163
542,Pendências,-5.26,-36.7222,91.99,41,28,14.18,BR,1610197164
543,Puerto Carreño,6.189,-67.4859,76.87,79,88,4.5,CO,1610197164
544,Makakilo City,21.3469,-158.0858,69.8,88,1,3.44,US,1610197165
545,Mishan,45.55,131.8833,-11.81,87,99,6.62,CN,1610197165
546,Sabzawār,36.2126,57.6819,50.0,25,0,6.91,IR,1610197165
547,Ko Samui,9.5357,99.9357,80.6,74,40,9.22,TH,1610196959
548,Carutapera,-1.195,-46.02,85.98,62,55,9.15,BR,1610197166
549,Nabire,-3.3667,135.4833,78.06,86,100,2.62,ID,1610197167
550,Bonthe,7.5264,-12.505,83.89,74,100,5.57,SL,1610197167
551,Dwārka,22.2394,68.9678,71.4,49,0,12.77,IN,1610197168
552,Aldan,58.6031,125.3894,-6.65,90,100,12.17,RU,1610197168
553,Charcas,23.1333,-101.1167,44.46,85,97,8.03,MX,1610197169
554,Vestmannaeyjar,63.4427,-20.2734,24.8,63,40,17.27,IS,1610197169
555,Naryan-Mar,67.6713,53.087,-1.98,92,43,6.67,RU,1610197169
556,Walvis Bay,-22.9575,14.5053,73.4,64,75,17.27,NA,1610197170
557,Ushtobe,45.2514,77.9838,6.37,90,0,9.08,KZ,1610197170
558,Našice,45.4886,18.0878,39.0,83,100,1.01,HR,1610197171
